requestId,requestDate,fosterId,animalId,requestStatus
41000,2019-02-11,51018,31077,Approved
41001,2019-03-11,51072,31327,Approved
41002,2019-05-01,51001,31664,Approved
41003,2019-04-13,51038,31042,Approved
41004,2019-03-23,51071,31088,Approved
41005,2019-04-14,51092,31090,Approved
41006,2019-04-28,51099,31096,Approved
41007,2019-03-22,51102,31108,Approved
41008,2019-04-17,51110,31167,Approved
41009,2019-04-18,51120,31185,Approved
41010,2019-04-05,51123,31201,Approved
41011,2019-04-26,51144,31243,Approved
41012,2019-03-26,51147,31291,Approved
41013,2019-03-05,51152,31322,Approved
41014,2019-03-01,51193,31347,Approved
41015,2019-04-07,51254,31378,Approved
41016,2019-04-27,51278,31437,Approved
41017,2019-01-30,51296,31444,Approved
41018,2019-02-12,51302,31476,Approved
41019,2019-02-26,51309,31530,Approved
41020,2019-04-26,51313,31541,Approved
41021,2019-04-24,51319,31564,Approved
41022,2019-04-08,51002,31602,Approved
41023,2019-05-01,51006,31636,Approved
41024,2019-04-28,51060,31649,Approved
41025,2019-01-27,51084,31656,Approved
41026,2019-05-01,51098,31699,Approved
41027,2019-04-16,51111,31705,Approved
41028,2019-04-28,51113,31757,Approved
41029,2019-03-18,51114,31765,Approved
41030,2019-04-25,51121,31002,Approved
41031,2019-04-28,51131,31006,Approved
41032,2019-03-30,51138,31013,Approved
41033,2019-03-30,51166,31018,Approved
41034,2019-04-15,51167,31047,Approved
41035,2019-04-05,51169,31049,Approved
41036,2019-04-29,51174,31061,Approved
41037,2019-04-19,51182,31075,Approved
41038,2019-03-29,51197,31093,Approved
41039,2019-04-20,51200,31106,Approved
41040,2019-04-25,51203,31109,Approved
41041,2019-04-14,51205,31111,Approved
41042,2019-04-21,51222,31120,Approved
41043,2019-04-29,51236,31130,Approved
41044,2019-01-26,51237,31133,Approved
41045,2019-04-18,51257,31140,Approved
41046,2019-04-18,51275,31147,Approved
41047,2019-04-02,51286,31148,Approved
41048,2019-01-21,51298,31171,Approved
41049,2019-04-08,51333,31198,Approved
41050,2019-01-31,51343,31199,Approved
41051,2019-03-19,51348,31200,Approved
41052,2019-03-28,51000,31221,Approved
41053,2019-04-15,51003,31224,Approved
41054,2019-04-11,51015,31235,Approved
41055,2019-04-05,51016,31240,Approved
41056,2019-04-27,51025,31245,Approved
41057,2019-04-30,51039,31252,Approved
41058,2019-04-27,51041,31262,Approved
41059,2019-04-09,51054,31305,Approved
41060,2019-04-29,51062,31310,Approved
41061,2019-03-30,51074,31353,Approved
41062,2019-03-29,51078,31424,Approved
41063,2019-03-23,51081,31428,Approved
41064,2019-04-05,51089,31435,Approved
41065,2019-04-21,51090,31436,Approved
41066,2019-04-05,51094,31441,Approved
41067,2019-04-15,51096,31449,Approved
41068,2019-01-19,51100,31450,Approved
41069,2019-04-29,51101,31478,Approved
41070,2019-02-08,51117,31486,Approved
41071,2019-02-21,51124,31490,Approved
41072,2019-03-15,51125,31492,Approved
41073,2019-04-17,51128,31502,Approved
41074,2019-04-22,51132,31504,Approved
41075,2019-03-23,51133,31508,Approved
41076,2019-04-23,51143,31509,Approved
41077,2019-04-14,51150,31524,Approved
41078,2019-04-23,51165,31548,Approved
41079,2019-04-11,51172,31558,Approved
41080,2019-04-25,51178,31566,Approved
41081,2019-04-22,51183,31614,Approved
41082,2019-04-28,51188,31670,Approved
41083,2019-04-30,51192,31671,Approved
41084,2019-04-15,51195,31673,Approved
41085,2019-04-27,51202,31677,Approved
41086,2019-03-28,51213,31691,Approved
41087,2019-04-28,51217,31692,Approved
41088,2019-02-25,51218,31706,Approved
41089,2019-02-19,51220,31722,Approved
41090,2019-03-21,51226,31724,Approved
41091,2019-03-22,51231,31727,Approved
41092,2019-03-02,51232,31729,Approved
41093,2019-03-27,51238,31753,Approved
41094,2019-04-25,51240,31766,Approved
41095,2019-03-06,51241,31772,Approved
41096,2019-04-05,51244,31780,Approved
41097,2019-03-27,51255,31784,Approved
41098,2019-03-30,51258,31787,Approved
41099,2019-02-05,51270,31797,Approved
41100,2019-04-11,51001,31173,Approved
41101,2019-03-10,51024,31183,Approved
41102,2019-04-28,51027,31211,Approved
41103,2019-04-14,51057,31256,Approved
41104,2019-04-09,51068,31318,Approved
41105,2019-02-17,51087,31320,Approved
41106,2019-04-26,51097,31349,Approved
41107,2019-04-18,51104,31361,Approved
41108,2019-05-01,51129,31362,Approved
41109,2019-04-09,51139,31417,Approved
41110,2019-02-12,51164,31421,Approved
41111,2019-04-27,51175,31431,Approved
41112,2019-04-07,51235,31497,Approved
41113,2019-03-04,51248,31572,Approved
41114,2019-03-01,51325,31586,Approved
41115,2019-04-25,51330,31611,Approved
41116,2019-03-28,51347,31628,Approved
41117,2019-04-26,51010,31628,Approved
41118,2019-04-12,51011,31642,Approved
41119,2019-03-05,51019,31665,Approved
41120,2019-04-20,51021,31667,Approved
41121,2019-04-29,51030,31721,Approved
41122,2019-04-27,51032,31734,Approved
41123,2019-02-15,51034,31735,Approved
41124,2019-04-27,51040,31736,Approved
41125,2019-04-19,51046,31743,Approved
41126,2019-04-28,51055,31763,Approved
41127,2019-04-16,51056,31796,Approved
41128,2019-03-25,51063,31020,Approved
41129,2019-04-22,51064,31025,Approved
41130,2019-04-28,51076,31040,Approved
41131,2019-04-29,51077,31048,Approved
41132,2019-03-31,51079,31053,Approved
41133,2019-04-30,51091,31055,Approved
41134,2019-01-14,51148,31073,Approved
41135,2019-04-13,51171,31080,Approved
41136,2019-04-20,51176,31091,Approved
41137,2019-04-09,51209,31103,Approved
41138,2019-03-25,51212,31113,Approved
41139,2019-02-01,51214,31115,Approved
41140,2019-04-18,51224,31117,Approved
41141,2019-03-31,51247,31137,Approved
41142,2019-03-01,51252,31143,Approved
41143,2019-01-30,51267,31155,Approved
41144,2019-02-19,51280,31180,Approved
41145,2019-04-30,51306,31192,Approved
41146,2019-04-21,51314,31230,Approved
41147,2019-04-28,51315,31237,Approved
41148,2019-03-21,51320,31239,Approved
41149,2019-04-29,51332,31254,Approved
41150,2019-04-30,51344,31268,Approved
41151,2019-03-27,51276,31312,Approved
41152,2019-01-17,51282,31323,Approved
41153,2019-02-08,51283,31352,Approved
41154,2019-04-19,51284,31360,Approved
41155,2019-02-25,51287,31367,Approved
41156,2019-03-18,51297,31408,Approved
41157,2019-04-16,51303,31471,Approved
41158,2019-04-21,51322,31535,Approved
41159,2019-04-11,51327,31604,Approved
41160,2019-04-09,51339,31653,Approved
41161,2019-04-01,51342,31663,Approved
41162,2019-03-24,51346,31690,Approved
41163,2019-04-15,51287,31279,Approved
41164,2019-05-01,51297,31280,Approved
41165,2019-02-26,51322,31328,Approved
41166,2019-02-21,51063,31334,Approved
41167,2019-04-17,51064,31356,Approved
41168,2019-05-01,51076,31366,Approved
41169,2019-05-01,51077,31374,Approved
41170,2019-03-03,51079,31381,Approved
41171,2019-01-04,51091,31382,Approved
41172,2019-01-20,51148,31384,Approved
41173,2019-04-25,51171,31426,Approved
41174,2019-04-19,51176,31429,Approved
41175,2019-02-11,51209,31433,Approved
41176,2019-04-20,51212,31446,Approved
41177,2019-04-20,51214,31464,Approved
41178,2019-04-10,51224,31469,Approved
41179,2019-04-20,51247,31473,Approved
41180,2019-04-11,51252,31493,Approved
41181,2019-03-21,51267,31498,Approved
41182,2019-02-11,51280,31512,Approved
41183,2019-04-16,51306,31519,Approved
41184,2019-02-28,51314,31538,Approved
41185,2019-03-19,51315,31559,Approved
41186,2019-03-14,51320,31570,Approved
41187,2019-03-20,51332,31575,Approved
41188,2019-04-30,51344,31576,Approved
41189,2019-04-17,51322,31583,Approved
41190,2019-04-04,51063,31600,Approved
41191,2019-04-03,51076,31616,Approved
41192,2019-04-20,51077,31625,Approved
41193,2019-04-28,51091,31635,Approved
41194,2019-02-14,51171,31637,Approved
41195,2019-04-25,51224,31638,Approved
41196,2019-04-20,51252,31643,Approved
41197,2019-02-28,51267,31658,Approved
41198,2019-04-14,51280,31660,Approved
41199,2019-04-06,51306,31666,Approved
41200,2019-04-24,51314,31700,Approved
41201,2019-03-28,51315,31703,Approved
41202,2019-03-11,51332,31715,Approved
41203,2019-03-06,51344,31726,Approved
41204,2019-04-19,51076,31740,Approved
41205,2019-04-17,51077,31749,Approved
41206,2019-04-13,51224,31751,Approved
41207,2019-03-07,51252,31754,Approved
41208,2019-04-14,51267,31776,Approved
41209,2019-03-09,51314,31778,Approved
41210,2019-04-26,51315,31785,Approved
41211,2019-04-05,51332,31786,Approved
41212,2019-02-01,51224,31794,Approved
41217,2019-02-11,51004,31005,Under Review
41218,2019-03-18,51005,31010,Request for more information
41219,2019-03-10,51008,31056,Under Review
41220,2019-03-23,51009,31057,Submitted
41221,2019-04-21,51012,31068,Under Review
41222,2019-05-01,51013,31087,Under Review
41223,2019-04-29,51017,31102,Request for more information
41224,2019-03-28,51020,31116,Submitted
41225,2019-02-10,51023,31127,Submitted
41226,2019-04-03,51029,31131,Request for more information
41227,2019-03-11,51031,31139,Under Review
41228,2019-03-28,51035,31141,Request for more information
41229,2019-04-21,51036,31151,Request for more information
41230,2019-04-28,51037,31153,Under Review
41231,2019-04-12,51042,31165,Submitted
41232,2019-04-24,51043,31166,Submitted
41233,2019-04-20,51044,31216,Under Review
41234,2019-04-16,51047,31217,Submitted
41235,2019-05-01,51050,31226,Request for more information
41236,2019-04-13,51051,31232,Request for more information
41237,2019-03-26,51053,31250,Under Review
41238,2019-02-04,51058,31257,Under Review
41239,2019-03-11,51059,31258,Request for more information
41240,2019-03-24,51061,31267,Request for more information
41241,2019-04-08,51067,31269,Request for more information
41242,2019-04-02,51069,31281,Request for more information
41243,2019-03-16,51070,31300,Under Review
41244,2019-04-10,51075,31329,Submitted
41245,2019-02-15,51085,31339,Submitted
41246,2019-03-16,51086,31341,Submitted
41247,2019-05-01,51088,31345,Submitted
41248,2019-01-10,51095,31346,Submitted
41249,2019-04-11,51103,31355,Under Review
41250,2019-04-10,51105,31388,Under Review
41251,2019-03-23,51106,31409,Under Review
41252,2019-04-23,51107,31412,Under Review
41253,2019-04-17,51112,31423,Request for more information
41254,2019-02-24,51115,31445,Under Review
41255,2019-03-17,51116,31448,Request for more information
41256,2019-03-26,51118,31454,Under Review
41257,2019-02-16,51119,31462,Under Review
41258,2019-04-23,51122,31481,Request for more information
41259,2019-02-21,51127,31500,Request for more information
41260,2019-02-18,51130,31511,Submitted
41261,2019-02-10,51134,31520,Submitted
41262,2019-03-11,51135,31528,Under Review
41263,2019-04-09,51137,31537,Submitted
41264,2019-04-06,51140,31543,Under Review
41265,2019-03-17,51145,31544,Submitted
41266,2019-04-05,51151,31545,Request for more information
41267,2019-03-24,51153,31556,Under Review
41268,2019-02-20,51156,31565,Submitted
41269,2019-01-31,51158,31568,Request for more information
41270,2019-01-31,51159,31569,Under Review
41271,2019-04-30,51160,31574,Under Review
41272,2019-04-10,51161,31584,Submitted
41273,2019-02-18,51173,31590,Request for more information
41274,2019-01-25,51177,31598,Under Review
41275,2019-03-17,51180,31610,Request for more information
41276,2019-04-26,51181,31631,Under Review
41277,2019-04-23,51184,31633,Under Review
41278,2019-03-30,51185,31639,Under Review
41279,2019-04-30,51186,31655,Under Review
41280,2019-03-15,51189,31657,Request for more information
41281,2019-03-27,51191,31661,Request for more information
41282,2019-02-12,51194,31678,Under Review
41283,2019-04-28,51198,31679,Under Review
41284,2019-04-25,51199,31681,Under Review
41285,2019-03-31,51210,31684,Under Review
41286,2019-04-21,51211,31686,Under Review
41287,2019-04-26,51216,31687,Request for more information
41288,2019-02-03,51221,31689,Request for more information
41289,2019-02-05,51223,31695,Request for more information
41290,2019-03-25,51225,31702,Submitted
41291,2019-02-25,51227,31704,Request for more information
41292,2019-05-01,51228,31730,Under Review
41293,2019-01-23,51229,31732,Submitted
41294,2019-03-13,51234,31733,Request for more information
41295,2019-03-02,51239,31737,Submitted
41296,2019-03-18,51243,31747,Under Review
41297,2019-04-07,51249,31748,Under Review
41298,2019-05-01,51251,31777,Submitted
41299,2019-04-13,51253,31781,Under Review
41300,2019-04-30,51256,31789,Submitted
