shelterTransId,transType,transDate,employeeId,shelterId
1,add,2018-05-26 09:48:00,11012,91006
2,add,2018-05-27 06:47:00,11012,91000
3,add,2018-05-30 20:51:00,11040,91003
4,add,2018-06-14 03:17:00,11045,91014
5,add,2018-06-22 11:08:00,11034,91007
6,add,2018-07-01 08:29:00,11036,91023
7,add,2018-07-03 13:33:00,11042,91004
8,add,2018-07-14 09:41:00,11038,91018
9,add,2018-07-31 22:19:00,11013,91021
10,add,2018-08-01 07:47:00,11047,91020
11,add,2018-08-23 15:35:00,11026,91011
12,add,2018-08-24 15:43:00,11010,91016
13,add,2018-09-13 08:14:00,11030,91005
14,add,2018-09-21 14:46:00,11044,91001
15,add,2018-09-23 12:28:00,11012,91022
16,add,2018-09-23 20:16:00,11036,91012
17,add,2018-09-25 20:52:00,11044,91002
18,add,2018-10-10 02:22:00,11008,91008
19,add,2018-10-12 04:59:00,11044,91010
20,add,2018-10-13 12:21:00,11048,91017
21,add,2018-10-27 00:06:00,11034,91015
22,add,2018-11-11 06:09:00,11020,91009
23,add,2018-11-30 23:52:00,11045,91013
24,add,2018-12-16 01:06:00,11042,91019
25,update,2019-01-14 14:49:00,11007,91011
26,update,2019-01-17 11:56:00,11035,91022
27,update,2019-02-02 20:02:00,11003,91005
28,update,2019-02-07 19:38:00,11038,91012
29,update,2019-02-08 19:06:00,11003,91006
30,update,2019-02-27 21:41:00,11010,91000
31,update,2019-03-05 22:48:00,11003,91002
32,update,2019-03-07 13:56:00,11041,91001
33,update,2019-03-12 12:08:00,11035,91018
34,update,2019-03-19 23:03:00,11006,91007
35,update,2019-03-21 02:06:00,11020,91013
36,update,2019-03-24 12:35:00,11038,91016
37,update,2019-03-25 04:39:00,11010,91003
38,update,2019-03-26 21:09:00,11044,91019
39,update,2019-03-26 21:40:00,11020,91023
40,update,2019-03-27 15:40:00,11007,91020
41,update,2019-04-04 02:50:00,11001,91008
42,update,2019-04-05 05:28:00,11000,91014
43,update,2019-04-05 23:32:00,11047,91021
44,update,2019-04-06 07:44:00,11030,91017
45,update,2019-04-15 12:20:00,11033,91010
46,update,2019-04-21 15:17:00,11041,91009
47,update,2019-04-23 23:58:00,11019,91004
48,update,2019-04-30 03:51:00,11005,91015
